<?xml version="1.0" ?>
<api device_id="1" device_name="wifi">
    <datatypes>
        <datatype base="uint16" name="errorcode"/>
        <datatype base="int16" name="int16"/>
        <datatype base="hw_addr" name="hw_addr"/>
        <datatype base="uint16" name="uint16"/>
        <datatype base="uint32" name="uint32"/>
        <datatype base="int32" name="int32"/>
        <datatype base="ipv4" name="ipv4"/>
        <datatype base="int8" name="int8"/>
        <datatype base="uint8" name="uint8"/>
        <datatype base="uint8array" name="uint8array"/>
        <datatype base="uint16array" name="uint16array"/>
    </datatypes>
    <class index="0" name="dfu" singleton="true">
        <command index="0" name="reset" no_return="true" script="0">
            <params>
                <param datatype="uint8" name="dfu" type="uint8"/>
            </params>
        </command>
        <command index="1" name="flash_set_address" script="1">
            <params>
                <param datatype="uint32" name="address" type="uint32"/>
            </params>
            <returns>
                <param datatype="errorcode" name="result" type="uint16"/>
            </returns>
        </command>
        <command index="2" name="flash_upload" script="2">
            <params>
                <param datatype="uint8array" name="data" type="uint8array"/>
            </params>
            <returns>
                <param datatype="errorcode" name="result" type="uint16"/>
            </returns>
        </command>
        <command index="3" name="flash_upload_finish" script="3">
            <params/>
            <returns>
                <param datatype="errorcode" name="result" type="uint16"/>
            </returns>
        </command>
        <event index="0" name="boot" script="0">
            <params>
                <param datatype="uint32" name="version" type="uint32"/>
            </params>
        </event>
    </class>
    <class index="1" name="system" singleton="true">
        <command index="0" name="sync" script="4">
            <params/>
            <returns/>
        </command>
        <command index="1" name="reset" no_return="true" script="5">
            <params>
                <param datatype="uint8" name="dfu" type="uint8"/>
            </params>
        </command>
        <command index="2" name="hello" script="6">
            <params/>
            <returns/>
        </command>
        <command index="3" name="set_max_power_saving_state" script="7">
            <params>
                <param datatype="uint8" name="state" type="uint8"/>
            </params>
            <returns>
                <param datatype="errorcode" name="result" type="uint16"/>
            </returns>
        </command>
        <event index="0" name="boot" script="1">
            <params>
                <param datatype="uint16" name="major" type="uint16"/>
                <param datatype="uint16" name="minor" type="uint16"/>
                <param datatype="uint16" name="patch" type="uint16"/>
                <param datatype="uint16" name="build" type="uint16"/>
                <param datatype="uint16" name="bootloader_version" type="uint16"/>
                <param datatype="uint16" name="tcpip_version" type="uint16"/>
                <param datatype="uint16" name="hw" type="uint16"/>
            </params>
        </event>
        <event index="1" internal="true" name="state" script="2">
            <params>
                <param datatype="uint16" name="state" type="uint16"/>
            </params>
        </event>
        <event index="2" name="sw_exception" script="3">
            <params>
                <param datatype="uint32" name="address" type="uint32"/>
                <param datatype="uint8" name="type" type="uint8"/>
            </params>
        </event>
        <event index="3" name="power_saving_state" script="4">
            <params>
                <param datatype="uint8" name="state" type="uint8"/>
            </params>
        </event>
        <enums name="main_state">
            <enum name="idle" value="1"/>
            <enum name="powered" value="2"/>
            <enum name="connecting" value="4"/>
            <enum name="connected" value="8"/>
            <enum name="wps" value="16"/>
            <enum name="ap" value="32"/>
        </enums>
    </class>
    <class index="2" name="config" singleton="true">
        <command index="0" name="get_mac" script="8">
            <params>
                <param datatype="uint8" name="hw_interface" type="uint8"/>
            </params>
            <returns>
                <param datatype="errorcode" name="result" type="uint16"/>
                <param datatype="uint8" name="hw_interface" type="uint8"/>
            </returns>
        </command>
        <command index="1" name="set_mac" script="9">
            <params>
                <param datatype="uint8" name="hw_interface" type="uint8"/>
                <param datatype="hw_addr" name="mac" type="hw_addr"/>
            </params>
            <returns>
                <param datatype="errorcode" name="result" type="uint16"/>
                <param datatype="uint8" name="hw_interface" type="uint8"/>
            </returns>
        </command>
        <event index="0" name="mac_address" script="5">
            <params>
                <param datatype="uint8" name="hw_interface" type="uint8"/>
                <param datatype="hw_addr" name="mac" type="hw_addr"/>
            </params>
        </event>
    </class>
    <class index="3" name="sme" singleton="true">
        <command index="0" name="wifi_on" script="10">
            <params/>
            <returns>
                <param datatype="errorcode" name="result" type="uint16"/>
            </returns>
        </command>
        <command index="1" name="wifi_off" script="11">
            <params/>
            <returns>
                <param datatype="errorcode" name="result" type="uint16"/>
            </returns>
        </command>
        <command index="2" internal="true" name="power_on" script="12">
            <params>
                <param datatype="uint8" name="enable" type="uint8"/>
            </params>
            <returns>
                <param datatype="errorcode" name="result" type="uint16"/>
            </returns>
        </command>
        <command index="3" name="start_scan" script="13">
            <params>
                <param datatype="uint8" name="hw_interface" type="uint8"/>
                <param datatype="uint8array" name="chList" type="uint8array"/>
            </params>
            <returns>
                <param datatype="errorcode" name="result" type="uint16"/>
            </returns>
        </command>
        <command index="4" name="stop_scan" script="14">
            <params/>
            <returns>
                <param datatype="errorcode" name="result" type="uint16"/>
            </returns>
        </command>
        <command index="5" name="set_password" script="15">
            <params>
                <param datatype="uint8array" name="password" type="uint8array"/>
            </params>
            <returns>
                <param datatype="uint8" name="status" type="uint8"/>
            </returns>
        </command>
        <command index="6" name="connect_bssid" script="16">
            <params>
                <param datatype="hw_addr" name="bssid" type="hw_addr"/>
            </params>
            <returns>
                <param datatype="errorcode" name="result" type="uint16"/>
                <param datatype="uint8" name="hw_interface" type="uint8"/>
                <param datatype="hw_addr" name="bssid" type="hw_addr"/>
            </returns>
        </command>
        <command index="7" name="connect_ssid" script="17">
            <params>
                <param datatype="uint8array" name="ssid" type="uint8array"/>
            </params>
            <returns>
                <param datatype="errorcode" name="result" type="uint16"/>
                <param datatype="uint8" name="hw_interface" type="uint8"/>
                <param datatype="hw_addr" name="bssid" type="hw_addr"/>
            </returns>
        </command>
        <command index="8" name="disconnect" script="18">
            <params/>
            <returns>
                <param datatype="errorcode" name="result" type="uint16"/>
                <param datatype="uint8" name="hw_interface" type="uint8"/>
            </returns>
        </command>
        <command index="9" name="set_scan_channels" script="19">
            <params>
                <param datatype="uint8" name="hw_interface" type="uint8"/>
                <param datatype="uint8array" name="chList" type="uint8array"/>
            </params>
            <returns>
                <param datatype="errorcode" name="result" type="uint16"/>
            </returns>
        </command>
        <command index="10" name="set_operating_mode" script="20">
            <params>
                <param datatype="uint8" name="mode" type="uint8"/>
            </params>
            <returns>
                <param datatype="errorcode" name="result" type="uint16"/>
            </returns>
        </command>
        <command index="11" name="start_ap_mode" script="21">
            <params>
                <param datatype="uint8" name="channel" type="uint8"/>
                <param datatype="uint8" name="security" type="uint8"/>
                <param datatype="uint8array" name="ssid" type="uint8array"/>
            </params>
            <returns>
                <param datatype="errorcode" name="result" type="uint16"/>
                <param datatype="uint8" name="hw_interface" type="uint8"/>
            </returns>
        </command>
        <command index="12" name="stop_ap_mode" script="22">
            <params/>
            <returns>
                <param datatype="errorcode" name="result" type="uint16"/>
                <param datatype="uint8" name="hw_interface" type="uint8"/>
            </returns>
        </command>
        <command index="13" name="scan_results_sort_rssi" script="23">
            <params>
                <param datatype="uint8" name="amount" type="uint8"/>
            </params>
            <returns>
                <param datatype="errorcode" name="result" type="uint16"/>
            </returns>
        </command>
        <command index="14" name="ap_client_disconnect" script="24">
            <params>
                <param datatype="hw_addr" name="mac_address" type="hw_addr"/>
            </params>
            <returns>
                <param datatype="errorcode" name="result" type="uint16"/>
                <param datatype="uint8" name="hw_interface" type="uint8"/>
            </returns>
        </command>
        <command index="15" name="set_ap_password" script="25">
            <params>
                <param datatype="uint8array" name="password" type="uint8array"/>
            </params>
            <returns>
                <param datatype="uint8" name="status" type="uint8"/>
            </returns>
        </command>
        <command index="16" name="set_ap_max_clients" script="26">
            <params>
                <param datatype="uint8" name="max_clients" type="uint8"/>
            </params>
            <returns>
                <param datatype="errorcode" name="result" type="uint16"/>
                <param datatype="uint8" name="hw_interface" type="uint8"/>
            </returns>
        </command>
        <command index="17" name="start_wps" script="27">
            <params/>
            <returns>
                <param datatype="errorcode" name="result" type="uint16"/>
                <param datatype="uint8" name="hw_interface" type="uint8"/>
            </returns>
        </command>
        <command index="18" name="stop_wps" script="28">
            <params/>
            <returns>
                <param datatype="errorcode" name="result" type="uint16"/>
                <param datatype="uint8" name="hw_interface" type="uint8"/>
            </returns>
        </command>
        <command index="19" name="get_signal_quality" script="29">
            <params/>
            <returns>
                <param datatype="errorcode" name="result" type="uint16"/>
                <param datatype="uint8" name="hw_interface" type="uint8"/>
            </returns>
        </command>
        <command index="20" name="start_ssid_scan" script="30">
            <params>
                <param datatype="uint8array" name="ssid" type="uint8array"/>
            </params>
            <returns>
                <param datatype="errorcode" name="result" type="uint16"/>
            </returns>
        </command>
        <command index="21" name="set_ap_hidden" script="31">
            <params>
                <param datatype="uint8" name="hidden" type="uint8"/>
            </params>
            <returns>
                <param datatype="errorcode" name="result" type="uint16"/>
                <param datatype="uint8" name="hw_interface" type="uint8"/>
            </returns>
        </command>
        <command index="22" name="set_11n_mode" script="32">
            <params>
                <param datatype="uint8" name="mode" type="uint8"/>
            </params>
            <returns>
                <param datatype="errorcode" name="result" type="uint16"/>
                <param datatype="uint8" name="hw_interface" type="uint8"/>
            </returns>
        </command>
        <event index="0" name="wifi_is_on" script="6">
            <params>
                <param datatype="errorcode" name="result" type="uint16"/>
            </params>
        </event>
        <event index="1" name="wifi_is_off" script="7">
            <params>
                <param datatype="errorcode" name="result" type="uint16"/>
            </params>
        </event>
        <event index="2" name="scan_result" script="8">
            <params>
                <param datatype="hw_addr" name="bssid" type="hw_addr"/>
                <param datatype="int8" name="channel" type="int8"/>
                <param datatype="int16" name="rssi" type="int16"/>
                <param datatype="int8" name="snr" type="int8"/>
                <param datatype="uint8" name="secure" type="uint8"/>
                <param datatype="uint8array" name="ssid" type="uint8array"/>
            </params>
        </event>
        <event index="3" name="scan_result_drop" script="9">
            <params>
                <param datatype="hw_addr" name="bssid" type="hw_addr"/>
            </params>
        </event>
        <event index="4" name="scanned" script="10">
            <params>
                <param datatype="int8" name="status" type="int8"/>
            </params>
        </event>
        <event index="5" name="connected" script="11">
            <params>
                <param datatype="int8" name="status" type="int8"/>
                <param datatype="uint8" name="hw_interface" type="uint8"/>
                <param datatype="hw_addr" name="bssid" type="hw_addr"/>
            </params>
        </event>
        <event index="6" name="disconnected" script="12">
            <params>
                <param datatype="errorcode" name="reason" type="uint16"/>
                <param datatype="uint8" name="hw_interface" type="uint8"/>
            </params>
        </event>
        <event index="7" name="interface_status" script="13">
            <params>
                <param datatype="uint8" name="hw_interface" type="uint8"/>
                <param datatype="uint8" name="status" type="uint8"/>
            </params>
        </event>
        <event index="8" name="connect_failed" script="14">
            <params>
                <param datatype="errorcode" name="reason" type="uint16"/>
                <param datatype="uint8" name="hw_interface" type="uint8"/>
            </params>
        </event>
        <event index="9" name="connect_retry" script="15">
            <params>
                <param datatype="uint8" name="hw_interface" type="uint8"/>
            </params>
        </event>
        <event index="10" name="ap_mode_started" script="16">
            <params>
                <param datatype="uint8" name="hw_interface" type="uint8"/>
            </params>
        </event>
        <event index="11" name="ap_mode_stopped" script="17">
            <params>
                <param datatype="uint8" name="hw_interface" type="uint8"/>
            </params>
        </event>
        <event index="12" name="ap_mode_failed" script="18">
            <params>
                <param datatype="errorcode" name="reason" type="uint16"/>
                <param datatype="uint8" name="hw_interface" type="uint8"/>
            </params>
        </event>
        <event index="13" name="ap_client_joined" script="19">
            <params>
                <param datatype="hw_addr" name="mac_address" type="hw_addr"/>
                <param datatype="uint8" name="hw_interface" type="uint8"/>
            </params>
        </event>
        <event index="14" name="ap_client_left" script="20">
            <params>
                <param datatype="hw_addr" name="mac_address" type="hw_addr"/>
                <param datatype="uint8" name="hw_interface" type="uint8"/>
            </params>
        </event>
        <event index="15" name="scan_sort_result" script="21">
            <params>
                <param datatype="hw_addr" name="bssid" type="hw_addr"/>
                <param datatype="int8" name="channel" type="int8"/>
                <param datatype="int16" name="rssi" type="int16"/>
                <param datatype="int8" name="snr" type="int8"/>
                <param datatype="uint8" name="secure" type="uint8"/>
                <param datatype="uint8array" name="ssid" type="uint8array"/>
            </params>
        </event>
        <event index="16" name="scan_sort_finished" script="22">
            <params/>
        </event>
        <event index="17" name="wps_stopped" script="23">
            <params>
                <param datatype="uint8" name="hw_interface" type="uint8"/>
            </params>
        </event>
        <event index="18" name="wps_completed" script="24">
            <params>
                <param datatype="uint8" name="hw_interface" type="uint8"/>
            </params>
        </event>
        <event index="19" name="wps_failed" script="25">
            <params>
                <param datatype="errorcode" name="reason" type="uint16"/>
                <param datatype="uint8" name="hw_interface" type="uint8"/>
            </params>
        </event>
        <event index="20" name="wps_credential_ssid" script="26">
            <params>
                <param datatype="uint8" name="hw_interface" type="uint8"/>
                <param datatype="uint8array" name="ssid" type="uint8array"/>
            </params>
        </event>
        <event index="21" name="wps_credential_password" script="27">
            <params>
                <param datatype="uint8" name="hw_interface" type="uint8"/>
                <param datatype="uint8array" name="password" type="uint8array"/>
            </params>
        </event>
        <event index="22" name="signal_quality" script="28">
            <params>
                <param datatype="int8" name="rssi" type="int8"/>
                <param datatype="uint8" name="hw_interface" type="uint8"/>
            </params>
        </event>
    </class>
    <class index="4" name="tcpip" singleton="true">
        <command index="0" name="start_tcp_server" script="33">
            <params>
                <param datatype="uint16" name="port" type="uint16"/>
                <param datatype="int8" name="default_destination" type="int8"/>
            </params>
            <returns>
                <param datatype="errorcode" name="result" type="uint16"/>
                <param datatype="uint8" name="endpoint" type="uint8"/>
            </returns>
        </command>
        <command index="1" name="tcp_connect" script="34">
            <params>
                <param datatype="ipv4" name="address" type="ipv4"/>
                <param datatype="uint16" name="port" type="uint16"/>
                <param datatype="int8" name="routing" type="int8"/>
            </params>
            <returns>
                <param datatype="errorcode" name="result" type="uint16"/>
                <param datatype="uint8" name="endpoint" type="uint8"/>
            </returns>
        </command>
        <command index="2" name="start_udp_server" script="35">
            <params>
                <param datatype="uint16" name="port" type="uint16"/>
                <param datatype="int8" name="default_destination" type="int8"/>
            </params>
            <returns>
                <param datatype="errorcode" name="result" type="uint16"/>
                <param datatype="uint8" name="endpoint" type="uint8"/>
            </returns>
        </command>
        <command index="3" name="udp_connect" script="36">
            <params>
                <param datatype="ipv4" name="address" type="ipv4"/>
                <param datatype="uint16" name="port" type="uint16"/>
                <param datatype="int8" name="routing" type="int8"/>
            </params>
            <returns>
                <param datatype="errorcode" name="result" type="uint16"/>
                <param datatype="uint8" name="endpoint" type="uint8"/>
            </returns>
        </command>
        <command index="4" name="configure" script="37">
            <params>
                <param datatype="ipv4" name="address" type="ipv4"/>
                <param datatype="ipv4" name="netmask" type="ipv4"/>
                <param datatype="ipv4" name="gateway" type="ipv4"/>
                <param datatype="uint8" name="use_dhcp" type="uint8"/>
            </params>
            <returns>
                <param datatype="errorcode" name="result" type="uint16"/>
            </returns>
        </command>
        <command index="5" name="dns_configure" script="38">
            <params>
                <param datatype="uint8" name="index" type="uint8"/>
                <param datatype="ipv4" name="address" type="ipv4"/>
            </params>
            <returns>
                <param datatype="errorcode" name="result" type="uint16"/>
            </returns>
        </command>
        <command index="6" name="dns_gethostbyname" script="39">
            <params>
                <param datatype="uint8array" name="name" type="uint8array"/>
            </params>
            <returns>
                <param datatype="errorcode" name="result" type="uint16"/>
            </returns>
        </command>
        <command index="7" name="udp_bind" script="40">
            <params>
                <param datatype="uint8" name="endpoint" type="uint8"/>
                <param datatype="uint16" name="port" type="uint16"/>
            </params>
            <returns>
                <param datatype="errorcode" name="result" type="uint16"/>
            </returns>
        </command>
        <command index="8" name="dhcp_set_hostname" script="41">
            <params>
                <param datatype="uint8array" name="hostname" type="uint8array"/>
            </params>
            <returns>
                <param datatype="errorcode" name="result" type="uint16"/>
            </returns>
        </command>
        <command index="9" name="dhcp_enable_routing" script="42">
            <params>
                <param datatype="uint8" name="enable" type="uint8"/>
            </params>
            <returns>
                <param datatype="errorcode" name="result" type="uint16"/>
            </returns>
        </command>
        <command index="10" name="mdns_set_hostname" script="43">
            <params>
                <param datatype="uint8array" name="hostname" type="uint8array"/>
            </params>
            <returns>
                <param datatype="errorcode" name="result" type="uint16"/>
            </returns>
        </command>
        <command index="11" name="mdns_start" script="44">
            <params/>
            <returns>
                <param datatype="errorcode" name="result" type="uint16"/>
            </returns>
        </command>
        <command index="12" name="mdns_stop" script="45">
            <params/>
            <returns>
                <param datatype="errorcode" name="result" type="uint16"/>
            </returns>
        </command>
        <command index="13" name="dnssd_add_service" script="46">
            <params>
                <param datatype="uint16" name="port" type="uint16"/>
                <param datatype="uint8" name="protocol" type="uint8"/>
                <param datatype="uint8array" name="service" type="uint8array"/>
            </params>
            <returns>
                <param datatype="errorcode" name="result" type="uint16"/>
                <param datatype="uint8" name="index" type="uint8"/>
            </returns>
        </command>
        <command index="14" name="dnssd_add_service_instance" script="47">
            <params>
                <param datatype="uint8" name="index" type="uint8"/>
                <param datatype="uint8array" name="instance" type="uint8array"/>
            </params>
            <returns>
                <param datatype="errorcode" name="result" type="uint16"/>
            </returns>
        </command>
        <command index="15" name="dnssd_add_service_attribute" script="48">
            <params>
                <param datatype="uint8" name="index" type="uint8"/>
                <param datatype="uint8array" name="attribute" type="uint8array"/>
            </params>
            <returns>
                <param datatype="errorcode" name="result" type="uint16"/>
            </returns>
        </command>
        <command index="16" name="dnssd_remove_service" script="49">
            <params>
                <param datatype="uint8" name="index" type="uint8"/>
            </params>
            <returns>
                <param datatype="errorcode" name="result" type="uint16"/>
            </returns>
        </command>
        <command index="17" name="dnssd_start_service" script="50">
            <params>
                <param datatype="uint8" name="index" type="uint8"/>
            </params>
            <returns>
                <param datatype="errorcode" name="result" type="uint16"/>
            </returns>
        </command>
        <command index="18" name="dnssd_stop_service" script="51">
            <params>
                <param datatype="uint8" name="index" type="uint8"/>
            </params>
            <returns>
                <param datatype="errorcode" name="result" type="uint16"/>
            </returns>
        </command>
        <event index="0" name="configuration" script="29">
            <params>
                <param datatype="ipv4" name="address" type="ipv4"/>
                <param datatype="ipv4" name="netmask" type="ipv4"/>
                <param datatype="ipv4" name="gateway" type="ipv4"/>
                <param datatype="uint8" name="use_dhcp" type="uint8"/>
            </params>
        </event>
        <event index="1" name="dns_configuration" script="30">
            <params>
                <param datatype="uint8" name="index" type="uint8"/>
                <param datatype="ipv4" name="address" type="ipv4"/>
            </params>
        </event>
        <event index="2" name="endpoint_status" script="31">
            <params>
                <param datatype="uint8" name="endpoint" type="uint8"/>
                <param datatype="ipv4" name="local_ip" type="ipv4"/>
                <param datatype="uint16" name="local_port" type="uint16"/>
                <param datatype="ipv4" name="remote_ip" type="ipv4"/>
                <param datatype="uint16" name="remote_port" type="uint16"/>
            </params>
        </event>
        <event index="3" name="dns_gethostbyname_result" script="32">
            <params>
                <param datatype="errorcode" name="result" type="uint16"/>
                <param datatype="ipv4" name="address" type="ipv4"/>
                <param datatype="uint8array" name="name" type="uint8array"/>
            </params>
        </event>
        <event index="4" name="udp_data" script="33">
            <params>
                <param datatype="uint8" name="endpoint" type="uint8"/>
                <param datatype="ipv4" name="source_address" type="ipv4"/>
                <param datatype="uint16" name="source_port" type="uint16"/>
                <param datatype="uint16array" name="data" type="uint16array"/>
            </params>
        </event>
        <event index="5" name="mdns_started" script="34">
            <params/>
        </event>
        <event index="6" name="mdns_failed" script="35">
            <params>
                <param datatype="errorcode" name="reason" type="uint16"/>
            </params>
        </event>
        <event index="7" name="mdns_stopped" script="36">
            <params>
                <param datatype="errorcode" name="reason" type="uint16"/>
            </params>
        </event>
        <event index="8" name="dnssd_service_started" script="37">
            <params>
                <param datatype="uint8" name="index" type="uint8"/>
            </params>
        </event>
        <event index="9" name="dnssd_service_failed" script="38">
            <params>
                <param datatype="errorcode" name="reason" type="uint16"/>
                <param datatype="uint8" name="index" type="uint8"/>
            </params>
        </event>
        <event index="10" name="dnssd_service_stopped" script="39">
            <params>
                <param datatype="errorcode" name="reason" type="uint16"/>
                <param datatype="uint8" name="index" type="uint8"/>
            </params>
        </event>
    </class>
    <class index="5" name="endpoint" singleton="true">
        <command index="0" name="send" script="52">
            <params>
                <param datatype="uint8" name="endpoint" type="uint8"/>
                <param datatype="uint8array" name="data" type="uint8array"/>
            </params>
            <returns>
                <param datatype="errorcode" name="result" type="uint16"/>
                <param datatype="uint8" name="endpoint" type="uint8"/>
            </returns>
        </command>
        <command index="1" name="set_streaming" script="53">
            <params>
                <param datatype="uint8" name="endpoint" type="uint8"/>
                <param datatype="uint8" name="streaming" type="uint8"/>
            </params>
            <returns>
                <param datatype="errorcode" name="result" type="uint16"/>
                <param datatype="uint8" name="endpoint" type="uint8"/>
            </returns>
        </command>
        <command index="2" name="set_active" script="54">
            <params>
                <param datatype="uint8" name="endpoint" type="uint8"/>
                <param datatype="uint8" name="active" type="uint8"/>
            </params>
            <returns>
                <param datatype="errorcode" name="result" type="uint16"/>
                <param datatype="uint8" name="endpoint" type="uint8"/>
            </returns>
        </command>
        <command index="3" name="set_streaming_destination" script="55">
            <params>
                <param datatype="uint8" name="endpoint" type="uint8"/>
                <param datatype="int8" name="streaming_destination" type="int8"/>
            </params>
            <returns>
                <param datatype="errorcode" name="result" type="uint16"/>
                <param datatype="uint8" name="endpoint" type="uint8"/>
            </returns>
        </command>
        <command index="4" name="close" script="56">
            <params>
                <param datatype="uint8" name="endpoint" type="uint8"/>
            </params>
            <returns>
                <param datatype="errorcode" name="result" type="uint16"/>
                <param datatype="uint8" name="endpoint" type="uint8"/>
            </returns>
        </command>
        <command index="5" name="set_transmit_size" script="57">
            <params>
                <param datatype="uint8" name="endpoint" type="uint8"/>
                <param datatype="uint16" name="size" type="uint16"/>
            </params>
            <returns>
                <param datatype="errorcode" name="result" type="uint16"/>
                <param datatype="uint8" name="endpoint" type="uint8"/>
            </returns>
        </command>
        <command index="6" name="disable" script="58">
            <params>
                <param datatype="uint8" name="endpoint" type="uint8"/>
            </params>
            <returns>
                <param datatype="errorcode" name="result" type="uint16"/>
                <param datatype="uint8" name="endpoint" type="uint8"/>
            </returns>
        </command>
        <event index="0" name="syntax_error" script="40">
            <params>
                <param datatype="errorcode" name="result" type="uint16"/>
                <param datatype="uint8" name="endpoint" type="uint8"/>
            </params>
        </event>
        <event index="1" name="data" script="41">
            <params>
                <param datatype="uint8" name="endpoint" type="uint8"/>
                <param datatype="uint8array" name="data" type="uint8array"/>
            </params>
        </event>
        <event index="2" name="status" script="42">
            <params>
                <param datatype="uint8" name="endpoint" type="uint8"/>
                <param datatype="uint32" name="type" type="uint32"/>
                <param datatype="uint8" name="streaming" type="uint8"/>
                <param datatype="int8" name="destination" type="int8"/>
                <param datatype="uint8" name="active" type="uint8"/>
            </params>
        </event>
        <event index="3" name="closing" script="43">
            <params>
                <param datatype="errorcode" name="reason" type="uint16"/>
                <param datatype="uint8" name="endpoint" type="uint8"/>
            </params>
        </event>
        <event index="4" name="error" script="44">
            <params>
                <param datatype="errorcode" name="reason" type="uint16"/>
                <param datatype="uint8" name="endpoint" type="uint8"/>
            </params>
        </event>
        <enums name="types">
            <enum name="free" value="0x0"/>
            <enum name="uart" value="0x1"/>
            <enum name="usb" value="0x2"/>
            <enum name="tcp" value="0x4"/>
            <enum name="tcp_server" value="0x8"/>
            <enum name="udp" value="0x10"/>
            <enum name="udp_server" value="0x20"/>
            <enum name="script" value="0x40"/>
            <enum name="wait_close" value="0x80"/>
            <enum name="spi" value="0x100"/>
            <enum name="i2c" value="0x200"/>
            <enum name="drop" value="0x400"/>
        </enums>
    </class>
    <class index="6" name="hardware" singleton="true">
        <command index="0" name="set_soft_timer" script="59">
            <params>
                <param datatype="uint32" name="time" type="uint32"/>
                <param datatype="uint8" name="handle" type="uint8"/>
                <param datatype="uint8" name="single_shot" type="uint8"/>
            </params>
            <returns>
                <param datatype="errorcode" name="result" type="uint16"/>
            </returns>
        </command>
        <command index="1" name="external_interrupt_config" script="60">
            <params>
                <param datatype="uint8" name="enable" type="uint8"/>
                <param datatype="uint8" name="polarity" type="uint8"/>
            </params>
            <returns>
                <param datatype="errorcode" name="result" type="uint16"/>
            </returns>
        </command>
        <command index="2" name="change_notification_config" script="61">
            <params>
                <param datatype="uint32" name="enable" type="uint32"/>
            </params>
            <returns>
                <param datatype="errorcode" name="result" type="uint16"/>
            </returns>
        </command>
        <command index="3" name="change_notification_pullup" script="62">
            <params>
                <param datatype="uint32" name="pullup" type="uint32"/>
            </params>
            <returns>
                <param datatype="errorcode" name="result" type="uint16"/>
            </returns>
        </command>
        <command index="4" name="io_port_config_direction" script="63">
            <params>
                <param datatype="uint8" name="port" type="uint8"/>
                <param datatype="uint16" name="mask" type="uint16"/>
                <param datatype="uint16" name="direction" type="uint16"/>
            </params>
            <returns>
                <param datatype="errorcode" name="result" type="uint16"/>
            </returns>
        </command>
        <command index="5" name="io_port_config_open_drain" script="64">
            <params>
                <param datatype="uint8" name="port" type="uint8"/>
                <param datatype="uint16" name="mask" type="uint16"/>
                <param datatype="uint16" name="open_drain" type="uint16"/>
            </params>
            <returns>
                <param datatype="errorcode" name="result" type="uint16"/>
            </returns>
        </command>
        <command index="6" name="io_port_write" script="65">
            <params>
                <param datatype="uint8" name="port" type="uint8"/>
                <param datatype="uint16" name="mask" type="uint16"/>
                <param datatype="uint16" name="data" type="uint16"/>
            </params>
            <returns>
                <param datatype="errorcode" name="result" type="uint16"/>
            </returns>
        </command>
        <command index="7" name="io_port_read" script="66">
            <params>
                <param datatype="uint8" name="port" type="uint8"/>
                <param datatype="uint16" name="mask" type="uint16"/>
            </params>
            <returns>
                <param datatype="errorcode" name="result" type="uint16"/>
                <param datatype="uint8" name="port" type="uint8"/>
                <param datatype="uint16" name="data" type="uint16"/>
            </returns>
        </command>
        <command index="8" name="output_compare" script="67">
            <params>
                <param datatype="uint8" name="index" type="uint8"/>
                <param datatype="uint8" name="bit32" type="uint8"/>
                <param datatype="uint8" name="timer" type="uint8"/>
                <param datatype="uint8" name="mode" type="uint8"/>
                <param datatype="uint32" name="compare_value" type="uint32"/>
            </params>
            <returns>
                <param datatype="errorcode" name="result" type="uint16"/>
            </returns>
        </command>
        <command index="9" name="adc_read" script="68">
            <params>
                <param datatype="uint8" name="input" type="uint8"/>
            </params>
            <returns>
                <param datatype="errorcode" name="result" type="uint16"/>
                <param datatype="uint8" name="input" type="uint8"/>
                <param datatype="uint16" name="value" type="uint16"/>
            </returns>
        </command>
        <command index="10" name="rtc_init" script="69">
            <params>
                <param datatype="uint8" name="enable" type="uint8"/>
                <param datatype="int16" name="drift" type="int16"/>
            </params>
            <returns>
                <param datatype="errorcode" name="result" type="uint16"/>
            </returns>
        </command>
        <command index="11" name="rtc_set_time" script="70">
            <params>
                <param datatype="int16" name="year" type="int16"/>
                <param datatype="int8" name="month" type="int8"/>
                <param datatype="int8" name="day" type="int8"/>
                <param datatype="int8" name="weekday" type="int8"/>
                <param datatype="int8" name="hour" type="int8"/>
                <param datatype="int8" name="minute" type="int8"/>
                <param datatype="int8" name="second" type="int8"/>
            </params>
            <returns>
                <param datatype="errorcode" name="result" type="uint16"/>
            </returns>
        </command>
        <command index="12" name="rtc_get_time" script="71">
            <params/>
            <returns>
                <param datatype="errorcode" name="result" type="uint16"/>
                <param datatype="int16" name="year" type="int16"/>
                <param datatype="int8" name="month" type="int8"/>
                <param datatype="int8" name="day" type="int8"/>
                <param datatype="int8" name="weekday" type="int8"/>
                <param datatype="int8" name="hour" type="int8"/>
                <param datatype="int8" name="minute" type="int8"/>
                <param datatype="int8" name="second" type="int8"/>
            </returns>
        </command>
        <command index="13" name="rtc_set_alarm" script="72">
            <params>
                <param datatype="uint8" name="month" type="uint8"/>
                <param datatype="uint8" name="day" type="uint8"/>
                <param datatype="int8" name="weekday" type="int8"/>
                <param datatype="uint8" name="hour" type="uint8"/>
                <param datatype="uint8" name="minute" type="uint8"/>
                <param datatype="uint8" name="second" type="uint8"/>
                <param datatype="uint8" name="repeat_mask" type="uint8"/>
                <param datatype="int16" name="repeat_count" type="int16"/>
            </params>
            <returns>
                <param datatype="errorcode" name="result" type="uint16"/>
            </returns>
        </command>
        <command index="14" name="uart_conf_set" script="73">
            <params>
                <param datatype="uint8" name="id" type="uint8"/>
                <param datatype="uint32" name="rate" type="uint32"/>
                <param datatype="uint8" name="data_bits" type="uint8"/>
                <param datatype="uint8" name="stop_bits" type="uint8"/>
                <param datatype="uint8" name="parity" type="uint8"/>
                <param datatype="uint8" name="flow_ctrl" type="uint8"/>
            </params>
            <returns>
                <param datatype="errorcode" name="result" type="uint16"/>
            </returns>
        </command>
        <command index="15" name="uart_conf_get" script="74">
            <params>
                <param datatype="uint8" name="id" type="uint8"/>
            </params>
            <returns>
                <param datatype="errorcode" name="result" type="uint16"/>
            </returns>
        </command>
        <event index="0" name="soft_timer" script="45">
            <params>
                <param datatype="uint8" name="handle" type="uint8"/>
            </params>
        </event>
        <event index="1" name="change_notification" script="46">
            <params>
                <param datatype="uint32" name="timestamp" type="uint32"/>
            </params>
        </event>
        <event index="2" name="external_interrupt" script="47">
            <params>
                <param datatype="uint8" name="irq" type="uint8"/>
                <param datatype="uint32" name="timestamp" type="uint32"/>
            </params>
        </event>
        <event index="3" name="rtc_alarm" script="48">
            <params/>
        </event>
        <event index="4" name="uart_conf" script="49">
            <params>
                <param datatype="uint8" name="id" type="uint8"/>
                <param datatype="uint32" name="rate" type="uint32"/>
                <param datatype="uint8" name="data_bits" type="uint8"/>
                <param datatype="uint8" name="stop_bits" type="uint8"/>
                <param datatype="uint8" name="parity" type="uint8"/>
                <param datatype="uint8" name="flow_ctrl" type="uint8"/>
            </params>
        </event>
        <enums name="alarm_repeat_mask">
            <enum name="alarm_every_half_second" value="0"/>
            <enum name="alarm_every_second" value="1"/>
            <enum name="alarm_every_ten_seconds" value="2"/>
            <enum name="alarm_every_minute" value="3"/>
            <enum name="alarm_every_ten_minutes" value="4"/>
            <enum name="alarm_every_hour" value="5"/>
            <enum name="alarm_every_day" value="6"/>
            <enum name="alarm_every_week" value="7"/>
            <enum name="alarm_every_month" value="8"/>
            <enum name="alarm_every_year" value="9"/>
        </enums>
    </class>
    <class index="7" name="flash" singleton="true">
        <command index="0" name="ps_defrag" script="75">
            <params/>
            <returns>
                <param datatype="errorcode" name="result" type="uint16"/>
            </returns>
        </command>
        <command index="1" name="ps_dump" script="76">
            <params/>
            <returns>
                <param datatype="errorcode" name="result" type="uint16"/>
            </returns>
        </command>
        <command index="2" name="ps_erase_all" script="77">
            <params/>
            <returns>
                <param datatype="errorcode" name="result" type="uint16"/>
            </returns>
        </command>
        <command index="3" name="ps_save" script="78">
            <params>
                <param datatype="uint16" name="key" type="uint16"/>
                <param datatype="uint8array" name="value" type="uint8array"/>
            </params>
            <returns>
                <param datatype="errorcode" name="result" type="uint16"/>
            </returns>
        </command>
        <command index="4" name="ps_load" script="79">
            <params>
                <param datatype="uint16" name="key" type="uint16"/>
            </params>
            <returns>
                <param datatype="errorcode" name="result" type="uint16"/>
                <param datatype="uint8array" name="value" type="uint8array"/>
            </returns>
        </command>
        <command index="5" name="ps_erase" script="80">
            <params>
                <param datatype="uint16" name="key" type="uint16"/>
            </params>
            <returns>
                <param datatype="errorcode" name="result" type="uint16"/>
            </returns>
        </command>
        <event index="0" name="ps_key" script="50">
            <params>
                <param datatype="uint16" name="key" type="uint16"/>
                <param datatype="uint8array" name="value" type="uint8array"/>
            </params>
        </event>
        <event index="1" name="ps_key_changed" script="51">
            <params>
                <param datatype="uint16" name="key" type="uint16"/>
            </params>
        </event>
        <event index="2" name="low_voltage" script="52">
            <params/>
        </event>
        <defines name="ps_keys">
            <define name="ps_key_mac" value="1"/>
            <define name="ps_key_ipv4_settings" value="2"/>
            <define name="ps_key_dns0_settings" value="3"/>
            <define name="ps_key_dns1_settings" value="4"/>
            <define name="ps_key_module_service" value="5"/>
            <define name="ps_key_appl_num1" value="10"/>
            <define name="ps_key_appl_num2" value="11"/>
            <define name="ps_key_appl_num3" value="12"/>
            <define name="ps_key_appl_num4" value="13"/>
            <define name="ps_key_appl_str1" value="14"/>
            <define name="ps_key_appl_str2" value="15"/>
            <define name="ps_key_appl_str3" value="16"/>
            <define name="ps_key_appl_str4" value="17"/>
            <define name="ps_key_appl_title" value="18"/>
            <define name="ps_key_ap_ssid" value="20"/>
            <define name="ps_key_ap_channel" value="21"/>
            <define name="ps_key_ap_pw" value="22"/>
            <define name="ps_key_ap_wifi_n" value="23"/>
            <define name="ps_key_ap_security" value="24"/>
            <define name="ps_key_client_ssid" value="25"/>
            <define name="ps_key_client_pw" value="26"/>
            <define name="ps_key_http_pw" value="27"/>
            <define name="ps_key_http_login_level" value="28"/>
            <define name="ps_key_dhcps_enable" value="30"/>
            <define name="ps_key_dhcps_space" value="31"/>
            <define name="ps_key_dhcps_disable_routing" value="32"/>
            <define name="ps_key_dnss_enable" value="35"/>
            <define name="ps_key_dnss_url" value="36"/>
            <define name="ps_key_dnss_any_url" value="37"/>
            <define name="ps_key_ap_scanlist_item_1" value="40"/>
            <define name="ps_key_ap_scanlist_item_2" value="41"/>
            <define name="ps_key_ap_scanlist_item_3" value="42"/>
            <define name="ps_key_ap_scanlist_item_4" value="43"/>
            <define name="ps_key_ap_scanlist_item_5" value="44"/>
            <define name="ps_key_ap_scanlist_item_6" value="45"/>
            <define name="ps_key_ap_scanlist_item_7" value="46"/>
            <define name="ps_key_ap_scanlist_item_8" value="47"/>
            <define name="ps_key_ap_scanlist_item_9" value="48"/>
            <define name="ps_key_ap_scanlist_item_10" value="49"/>
            <define name="ps_key_ap_label1" value="50"/>
            <define name="ps_key_ap_label2" value="51"/>
            <define name="ps_key_ap_label3" value="52"/>
            <define name="ps_key_ap_label4" value="53"/>
            <define name="ps_key_ap_label5" value="54"/>
            <define name="ps_key_ap_label6" value="55"/>
            <define name="ps_key_ap_label7" value="56"/>
            <define name="ps_key_ap_label8" value="57"/>
            <define name="ps_key_ap_label9" value="58"/>
            <define name="ps_key_ap_label10" value="59"/>
        </defines>
    </class>
    <class index="8" name="i2c" singleton="true">
        <command index="0" name="start_read" script="81">
            <params>
                <param datatype="uint8" name="endpoint" type="uint8"/>
                <param datatype="uint16" name="slave_address" type="uint16"/>
                <param datatype="uint8" name="length" type="uint8"/>
            </params>
            <returns>
                <param datatype="errorcode" name="result" type="uint16"/>
            </returns>
        </command>
        <command index="1" name="start_write" script="82">
            <params>
                <param datatype="uint8" name="endpoint" type="uint8"/>
                <param datatype="uint16" name="slave_address" type="uint16"/>
            </params>
            <returns>
                <param datatype="errorcode" name="result" type="uint16"/>
            </returns>
        </command>
        <command index="2" name="stop" script="83">
            <params>
                <param datatype="uint8" name="endpoint" type="uint8"/>
            </params>
            <returns>
                <param datatype="errorcode" name="result" type="uint16"/>
            </returns>
        </command>
    </class>
    <class index="9" name="https" singleton="true">
        <command index="0" name="enable" script="84">
            <params>
                <param datatype="uint8" name="https" type="uint8"/>
                <param datatype="uint8" name="dhcps" type="uint8"/>
                <param datatype="uint8" name="dnss" type="uint8"/>
            </params>
            <returns>
                <param datatype="errorcode" name="result" type="uint16"/>
            </returns>
        </command>
        <command index="1" name="add_path" script="85">
            <params>
                <param datatype="uint8" name="device" type="uint8"/>
                <param datatype="uint8array" name="path" type="uint8array"/>
            </params>
            <returns>
                <param datatype="errorcode" name="result" type="uint16"/>
            </returns>
        </command>
        <command index="2" name="api_response" script="86">
            <params>
                <param datatype="uint32" name="request" type="uint32"/>
                <param datatype="uint8array" name="data" type="uint8array"/>
            </params>
            <returns>
                <param datatype="errorcode" name="result" type="uint16"/>
            </returns>
        </command>
        <command index="3" name="api_response_finish" script="87">
            <params>
                <param datatype="uint32" name="request" type="uint32"/>
            </params>
            <returns>
                <param datatype="errorcode" name="result" type="uint16"/>
            </returns>
        </command>
        <event index="0" internal="true" name="on_req" script="53">
            <params>
                <param datatype="uint8" name="service" type="uint8"/>
            </params>
        </event>
        <event index="1" internal="true" name="button" script="54">
            <params>
                <param datatype="uint8" name="number" type="uint8"/>
            </params>
        </event>
        <event index="2" name="api_request" script="55">
            <params>
                <param datatype="uint32" name="request" type="uint32"/>
                <param datatype="uint8" name="method" type="uint8"/>
                <param datatype="uint8array" name="resource" type="uint8array"/>
            </params>
        </event>
        <event index="3" name="api_request_header" script="56">
            <params>
                <param datatype="uint32" name="request" type="uint32"/>
                <param datatype="uint8array" name="data" type="uint8array"/>
            </params>
        </event>
        <event index="4" name="api_request_data" script="57">
            <params>
                <param datatype="uint32" name="request" type="uint32"/>
                <param datatype="uint8array" name="data" type="uint8array"/>
            </params>
        </event>
        <event index="5" name="api_request_finished" script="58">
            <params>
                <param datatype="uint32" name="request" type="uint32"/>
            </params>
        </event>
    </class>
    <class index="10" name="ethernet" singleton="true">
        <command index="0" name="set_dataroute" script="88">
            <params>
                <param datatype="uint8" name="route" type="uint8"/>
            </params>
            <returns>
                <param datatype="errorcode" name="result" type="uint16"/>
            </returns>
        </command>
        <command index="1" name="close" script="89">
            <params/>
            <returns/>
        </command>
        <command index="2" name="connected" script="90">
            <params/>
            <returns>
                <param datatype="uint8" name="state" type="uint8"/>
            </returns>
        </command>
        <event index="0" name="link_status" script="59">
            <params>
                <param datatype="uint8" name="state" type="uint8"/>
            </params>
        </event>
    </class>
    <class index="11" name="sdhc" singleton="true">
        <command index="0" name="fopen" script="91">
            <params>
                <param datatype="uint8" name="mode" type="uint8"/>
                <param datatype="uint8array" name="fname" type="uint8array"/>
            </params>
            <returns>
                <param datatype="errorcode" name="result" type="uint16"/>
            </returns>
        </command>
        <command index="1" name="fclose" script="92">
            <params>
                <param datatype="uint8" name="fhandle" type="uint8"/>
            </params>
            <returns>
                <param datatype="errorcode" name="result" type="uint16"/>
            </returns>
        </command>
        <command index="2" name="fdir" script="93">
            <params>
                <param datatype="uint8" name="mode" type="uint8"/>
                <param datatype="uint8array" name="path" type="uint8array"/>
            </params>
            <returns>
                <param datatype="errorcode" name="result" type="uint16"/>
            </returns>
        </command>
        <command index="3" name="fread" script="94">
            <params>
                <param datatype="uint8" name="fhandle" type="uint8"/>
                <param datatype="uint32" name="fsize" type="uint32"/>
            </params>
            <returns>
                <param datatype="errorcode" name="result" type="uint16"/>
            </returns>
        </command>
        <command index="4" name="fwrite" script="95">
            <params>
                <param datatype="uint8" name="fhandle" type="uint8"/>
                <param datatype="uint16array" name="fdata" type="uint16array"/>
            </params>
            <returns>
                <param datatype="errorcode" name="result" type="uint16"/>
            </returns>
        </command>
        <command index="5" name="fdelete" script="96">
            <params>
                <param datatype="uint8array" name="fname" type="uint8array"/>
            </params>
            <returns>
                <param datatype="errorcode" name="result" type="uint16"/>
            </returns>
        </command>
        <command index="6" name="fmkdir" script="97">
            <params>
                <param datatype="uint8array" name="dir_name" type="uint8array"/>
            </params>
            <returns>
                <param datatype="errorcode" name="result" type="uint16"/>
            </returns>
        </command>
        <command index="7" name="fchdir" script="98">
            <params>
                <param datatype="uint8array" name="dir_name" type="uint8array"/>
            </params>
            <returns>
                <param datatype="errorcode" name="result" type="uint16"/>
            </returns>
        </command>
        <command index="8" name="frename" script="99">
            <params>
                <param datatype="uint8" name="fhandle" type="uint8"/>
                <param datatype="uint8array" name="new_name" type="uint8array"/>
            </params>
            <returns>
                <param datatype="errorcode" name="result" type="uint16"/>
            </returns>
        </command>
        <command index="9" name="fchmode" script="100">
            <params>
                <param datatype="uint8" name="value" type="uint8"/>
                <param datatype="uint8array" name="fname" type="uint8array"/>
            </params>
            <returns>
                <param datatype="errorcode" name="result" type="uint16"/>
            </returns>
        </command>
        <event index="0" name="ready" script="60">
            <params>
                <param datatype="uint8" name="fhandle" type="uint8"/>
                <param datatype="uint8" name="operation" type="uint8"/>
                <param datatype="errorcode" name="result" type="uint16"/>
            </params>
        </event>
        <event index="1" name="fdata" script="61">
            <params>
                <param datatype="uint8" name="fhandle" type="uint8"/>
                <param datatype="uint16array" name="data" type="uint16array"/>
            </params>
        </event>
        <event index="2" name="ffile" script="62">
            <params>
                <param datatype="uint8" name="fhandle" type="uint8"/>
                <param datatype="uint32" name="fsize" type="uint32"/>
                <param datatype="uint8" name="fattrib" type="uint8"/>
                <param datatype="uint8array" name="fname" type="uint8array"/>
            </params>
        </event>
        <event index="3" name="fpwd" script="63">
            <params>
                <param datatype="uint8array" name="fdir" type="uint8array"/>
            </params>
        </event>
    </class>
    <class index="12" name="util" singleton="true">
        <command index="0" name="atoi" script="101">
            <params>
                <param datatype="uint8array" name="string" type="uint8array"/>
            </params>
            <returns>
                <param datatype="int32" name="value" type="int32"/>
            </returns>
        </command>
        <command index="1" name="itoa" script="102">
            <params>
                <param datatype="int32" name="value" type="int32"/>
            </params>
            <returns>
                <param datatype="uint8array" name="string" type="uint8array"/>
            </returns>
        </command>
    </class>
</api>
